Nov 24 2011 21:28:39;19.34;19.50;;20.81;20.92;
Nov 24 2011 21:29:45;19.33;19.50;;20.76;20.94;
Nov 24 2011 21:30:51;19.34;19.50;;20.75;20.96;
Nov 24 2011 21:31:55;19.35;19.50;;20.73;20.98;
Nov 24 2011 21:32:59;19.35;19.50;;20.71;20.99;
Nov 24 2011 21:34:03;19.35;19.50;;20.71;21.00;
Nov 24 2011 21:35:07;19.34;19.50;;20.73;21.00;
Nov 24 2011 21:36:11;19.35;19.50;;20.71;21.01;
Nov 24 2011 21:37:15;19.35;19.50;;20.70;21.02;
Nov 24 2011 21:38:19;19.34;19.50;;20.70;21.02;
Nov 24 2011 21:39:23;19.35;19.50;;20.69;21.03;
Nov 24 2011 21:40:28;19.35;19.50;;20.70;21.03;
Nov 24 2011 21:41:32;19.35;19.50;;20.69;21.04;
Nov 24 2011 21:42:36;19.34;19.50;;20.70;21.05;
Nov 24 2011 21:43:40;19.35;19.50;;20.67;21.05;
Nov 24 2011 21:44:44;19.35;19.50;;20.67;21.06;
Nov 24 2011 21:45:48;19.36;19.50;;20.68;21.06;
Nov 24 2011 21:46:52;19.36;19.50;;20.66;21.07;
Nov 24 2011 21:47:56;19.36;19.50;;20.65;21.06;
Nov 24 2011 21:49:00;19.38;19.50;;20.65;21.05;
Nov 24 2011 21:50:04;19.35;19.50;;20.64;21.03;
Nov 24 2011 21:51:09;19.35;19.50;;20.60;21.01;
Nov 24 2011 21:52:13;19.36;19.50;;20.58;20.99;
Nov 24 2011 21:53:17;19.36;19.50;;20.61;20.99;
Nov 24 2011 21:54:21;19.36;19.50;;20.59;20.98;
Nov 24 2011 21:55:25;19.37;19.50;;20.54;20.99;
Nov 24 2011 21:56:30;19.36;19.50;;20.57;20.99;
Nov 24 2011 21:57:34;19.36;19.50;;20.54;21.00;
Nov 24 2011 21:58:38;19.36;19.50;;20.57;21.00;
Nov 24 2011 21:59:42;19.36;19.50;;20.69;20.99;
Nov 24 2011 22:00:49;19.39;19.50;;20.74;20.98;
Nov 24 2011 22:01:53;19.36;19.50;;20.79;20.97;
Nov 24 2011 22:02:57;19.38;19.50;;20.87;20.97;
Nov 24 2011 22:04:02;19.37;19.50;;20.90;20.98;
Nov 24 2011 22:05:06;19.37;19.50;;20.92;20.99;
Nov 24 2011 22:06:10;19.38;19.50;;20.87;21.00;
Nov 24 2011 22:07:14;19.38;19.50;;20.82;21.00;
Nov 24 2011 22:08:19;19.38;19.50;;20.79;21.01;
Nov 24 2011 22:09:23;19.37;19.50;;20.79;21.01;
Nov 24 2011 22:10:28;19.37;19.50;;20.75;21.02;
Nov 24 2011 22:11:32;19.40;19.50;;20.75;21.01;
Nov 24 2011 22:11:41;19.39;19.50;;20.74;21.01;"Positive peak detected: 20.9 instead of 21.0 New estimator = 0.04 "
Nov 24 2011 22:12:45;19.38;19.50;;20.71;21.01;
Nov 24 2011 22:13:49;19.39;19.50;;20.72;21.02;
Nov 24 2011 22:14:53;19.39;19.50;;20.70;21.03;
Nov 24 2011 22:15:57;19.38;19.50;;20.68;21.03;
Nov 24 2011 22:17:02;19.38;19.50;;20.67;21.03;
Nov 24 2011 22:18:06;19.38;19.50;;20.67;21.03;
Nov 24 2011 22:19:10;19.38;19.50;;20.65;21.03;
Nov 24 2011 22:20:15;19.38;19.50;;20.65;21.04;
Nov 24 2011 22:21:19;19.38;19.50;;20.64;21.05;
Nov 24 2011 22:22:23;19.40;19.50;;20.63;21.07;
Nov 24 2011 22:23:28;19.38;19.50;;20.63;21.09;
Nov 24 2011 22:24:32;19.40;19.50;;20.73;21.11;
Nov 24 2011 22:25:36;19.39;19.50;;20.79;21.12;
Nov 24 2011 22:26:41;19.40;19.50;;20.87;21.11;
Nov 24 2011 22:27:45;19.39;19.50;;20.93;21.10;
Nov 24 2011 22:28:49;19.39;19.50;;20.99;21.08;
Nov 24 2011 22:29:54;19.41;19.50;;21.01;21.07;
Nov 24 2011 22:30:59;19.41;19.50;;21.00;21.05;
Nov 24 2011 22:32:03;19.41;19.50;;20.95;21.04;
Nov 24 2011 22:33:07;19.40;19.50;;20.91;21.03;
Nov 24 2011 22:34:12;19.40;19.50;;20.87;21.02;
Nov 24 2011 22:35:16;19.39;19.50;;20.86;21.00;
Nov 24 2011 22:36:20;19.40;19.50;;20.84;20.98;
Nov 24 2011 22:36:59;19.41;19.50;;20.84;20.96;"Positive peak detected: 21.0 instead of 21.1 New estimator = 0.04 "
Nov 24 2011 22:38:03;19.40;19.50;;20.82;20.95;
Nov 24 2011 22:39:08;19.41;19.50;;20.82;20.95;
Nov 24 2011 22:40:13;19.40;19.50;;20.76;20.95;
Nov 24 2011 22:41:17;19.40;19.50;;20.77;20.96;
Nov 24 2011 22:42:22;19.42;19.50;;20.75;20.97;
Nov 24 2011 22:43:26;19.42;19.50;;20.75;20.98;
Nov 24 2011 22:44:30;19.42;19.50;;20.76;20.97;
Nov 24 2011 22:45:35;19.42;19.50;;20.72;20.97;
Nov 24 2011 22:46:40;19.41;19.50;;20.72;20.97;
Nov 24 2011 22:47:44;19.41;19.50;;20.73;20.98;
Nov 24 2011 22:48:49;19.42;19.50;;20.69;20.99;
Nov 24 2011 22:49:53;19.41;19.50;;20.67;21.01;
Nov 24 2011 22:50:58;19.40;19.50;;20.65;21.01;
Nov 24 2011 22:52:03;19.41;19.50;;20.64;21.00;
Nov 24 2011 22:53:08;19.42;19.50;;20.64;20.99;
Nov 24 2011 22:54:12;19.42;19.50;;20.60;20.98;
Nov 24 2011 22:55:17;19.42;19.50;;20.58;20.96;
Nov 24 2011 22:56:21;19.42;19.50;;20.59;20.94;
Nov 24 2011 22:57:26;19.42;19.50;;20.59;20.93;
Nov 24 2011 22:58:30;19.42;19.50;;20.55;20.93;
Nov 24 2011 22:59:35;19.43;19.50;;20.56;20.94;
Nov 24 2011 23:00:41;19.43;19.50;;20.57;20.95;
Nov 24 2011 23:01:46;19.43;19.50;;20.52;20.96;
Nov 24 2011 23:02:50;19.42;19.50;;20.53;20.95;
Nov 24 2011 23:03:55;19.43;19.50;;20.50;20.95;
Nov 24 2011 23:04:59;19.43;19.50;;20.48;20.97;
Nov 24 2011 23:06:04;19.42;19.50;;20.55;20.98;
Nov 24 2011 23:07:09;19.44;19.50;;20.63;20.99;
Nov 24 2011 23:08:13;19.44;19.50;;20.72;21.00;
Nov 24 2011 23:09:18;19.43;19.50;;20.76;21.00;
Nov 24 2011 23:10:23;19.44;19.50;;20.79;20.98;
Nov 24 2011 23:11:28;19.43;19.50;;20.85;20.95;
Nov 24 2011 23:12:33;19.44;19.50;;20.87;20.92;
Nov 24 2011 23:13:38;19.45;19.50;;20.81;20.90;
Nov 24 2011 23:14:43;19.45;19.50;;20.76;20.90;
Nov 24 2011 23:15:47;19.44;19.50;;20.74;20.90;
Nov 24 2011 23:16:52;19.44;19.50;;20.74;20.89;
Nov 24 2011 23:17:57;19.44;19.50;;20.71;20.88;
Nov 24 2011 23:18:51;19.45;19.50;;20.71;20.87;"Positive peak detected: 20.8 instead of 20.9 New estimator = 0.04 "
Nov 24 2011 23:19:56;19.45;19.50;;20.68;20.85;
Nov 24 2011 23:21:01;19.45;19.50;;20.67;20.83;
Nov 24 2011 23:22:06;19.45;19.50;;20.65;20.78;
Nov 24 2011 23:23:10;19.46;19.50;;20.66;20.74;
Nov 24 2011 23:24:12;19.45;20.50;"Beer temperature setting changed to 20.5 according to temperature profile.";20.68;30.00;
Nov 24 2011 23:25:17;19.45;20.50;;20.74;30.00;
Nov 24 2011 23:26:21;19.48;20.50;;20.83;30.00;
Nov 24 2011 23:27:26;19.45;20.50;;20.86;30.00;
Nov 24 2011 23:28:30;19.46;20.50;;20.94;30.00;
Nov 24 2011 23:29:35;19.46;20.50;;20.97;30.00;
Nov 24 2011 23:30:42;19.46;20.50;;21.04;30.00;
Nov 24 2011 23:31:47;19.46;20.50;;21.11;30.00;
Nov 24 2011 23:32:52;19.47;20.50;;21.15;30.00;
Nov 24 2011 23:33:56;19.46;20.50;;21.20;30.00;
Nov 24 2011 23:35:01;19.47;20.50;;21.28;30.00;
Nov 24 2011 23:36:06;19.48;20.50;;21.28;30.00;
Nov 24 2011 23:37:11;19.48;20.50;;21.32;30.00;
Nov 24 2011 23:38:15;19.48;20.50;;21.38;30.00;
Nov 24 2011 23:39:20;19.47;20.50;;21.42;30.00;
Nov 24 2011 23:40:27;19.47;20.50;;21.47;30.00;
Nov 24 2011 23:41:32;19.47;20.50;;21.51;30.00;
Nov 24 2011 23:42:36;19.48;20.50;;21.53;30.00;
Nov 24 2011 23:43:41;19.48;20.50;;21.61;30.00;
Nov 24 2011 23:44:46;19.50;20.50;;21.64;30.00;
Nov 24 2011 23:45:51;19.49;20.50;;21.71;30.00;
Nov 24 2011 23:46:56;19.48;20.50;;21.75;30.00;
Nov 24 2011 23:48:02;19.47;20.50;;21.76;30.00;
Nov 24 2011 23:49:07;19.50;20.50;;21.82;30.00;
Nov 24 2011 23:50:13;19.49;20.50;;21.87;30.00;
Nov 24 2011 23:51:18;19.49;20.50;;21.94;30.00;
Nov 24 2011 23:52:23;19.49;20.50;;21.96;30.00;
Nov 24 2011 23:53:27;19.51;20.50;;22.00;30.00;
Nov 24 2011 23:54:33;19.50;20.50;;22.05;30.00;
Nov 24 2011 23:55:38;19.50;20.50;;22.10;29.97;
Nov 24 2011 23:56:43;19.50;20.50;;22.13;29.92;
Nov 24 2011 23:57:48;19.51;20.50;;22.20;29.86;
Nov 24 2011 23:58:52;19.51;20.50;;22.21;29.80;
Nov 24 2011 23:59:58;19.52;20.50;;22.24;29.75;
Nov 25 2011 00:01:04;19.52;20.50;;22.29;29.70;
Nov 25 2011 00:02:07;19.53;20.50;;22.32;29.67;
Nov 25 2011 00:03:11;19.52;20.50;;22.35;29.64;
Nov 25 2011 00:04:15;19.53;20.50;;22.38;29.63;
Nov 25 2011 00:05:19;19.54;20.50;;22.42;29.61;
Nov 25 2011 00:06:23;19.54;20.50;;22.45;29.60;
Nov 25 2011 00:07:27;19.53;20.50;;22.48;29.57;
Nov 25 2011 00:08:31;19.54;20.50;;22.51;29.52;
Nov 25 2011 00:09:35;19.54;20.50;;22.55;29.47;
Nov 25 2011 00:10:39;19.54;20.50;;22.58;29.43;
Nov 25 2011 00:11:43;19.55;20.50;;22.61;29.38;
Nov 25 2011 00:12:47;19.54;20.50;;22.66;29.34;
Nov 25 2011 00:13:51;19.56;20.50;;22.66;29.30;
Nov 25 2011 00:14:55;19.55;20.50;;22.70;29.26;
Nov 25 2011 00:15:59;19.55;20.50;;22.73;29.22;
Nov 25 2011 00:17:03;19.56;20.50;;22.76;29.19;
Nov 25 2011 00:18:07;19.56;20.50;;22.78;29.16;
Nov 25 2011 00:19:11;19.56;20.50;;22.80;29.12;
Nov 25 2011 00:20:16;19.57;20.50;;22.83;29.10;
Nov 25 2011 00:21:20;19.57;20.50;;22.84;29.07;
Nov 25 2011 00:22:24;19.57;20.50;;22.87;29.05;
Nov 25 2011 00:23:28;19.56;20.50;;22.89;29.02;
Nov 25 2011 00:24:32;19.59;20.50;;22.92;28.99;
Nov 25 2011 00:25:36;19.57;20.50;;22.97;28.95;
Nov 25 2011 00:26:40;19.58;20.50;;22.99;28.90;
Nov 25 2011 00:27:44;19.58;20.50;;22.99;28.87;
Nov 25 2011 00:28:48;19.59;20.50;;23.02;28.84;
Nov 25 2011 00:29:51;19.59;20.50;;23.05;28.82;
Nov 25 2011 00:30:57;19.61;20.50;;23.07;28.80;
Nov 25 2011 00:31:59;19.60;20.50;;23.11;28.77;
Nov 25 2011 00:33:05;19.61;20.50;;23.09;28.73;
Nov 25 2011 00:34:09;19.62;20.50;;23.13;28.69;
Nov 25 2011 00:35:13;19.62;20.50;;23.14;28.64;
Nov 25 2011 00:36:18;19.62;20.50;;23.15;28.59;
Nov 25 2011 00:37:22;19.61;20.50;;23.17;28.54;
Nov 25 2011 00:38:26;19.62;20.50;;23.22;28.50;
Nov 25 2011 00:39:30;19.62;20.50;;23.21;28.47;
Nov 25 2011 00:40:37;19.63;20.50;;23.23;28.43;
Nov 25 2011 00:41:41;19.63;20.50;;23.27;28.39;
Nov 25 2011 00:42:45;19.62;20.50;;23.24;28.36;
Nov 25 2011 00:43:50;19.63;20.50;;23.26;28.31;
Nov 25 2011 00:44:54;19.63;20.50;;23.29;28.26;
Nov 25 2011 00:45:58;19.63;20.50;;23.31;28.21;
Nov 25 2011 00:47:02;19.65;20.50;;23.33;28.16;
Nov 25 2011 00:48:05;19.65;20.50;;23.36;28.11;
Nov 25 2011 00:49:08;19.65;20.50;;23.38;28.07;
Nov 25 2011 00:50:15;19.65;20.50;;23.39;28.02;
Nov 25 2011 00:51:21;19.66;20.50;;23.40;27.96;
Nov 25 2011 00:52:25;19.66;20.50;;23.41;27.90;
Nov 25 2011 00:53:29;19.67;20.50;;23.42;27.88;
Nov 25 2011 00:54:32;19.66;20.50;;23.42;27.87;
Nov 25 2011 00:55:35;19.68;20.50;;23.46;27.86;
Nov 25 2011 00:56:40;19.67;20.50;;23.47;27.83;
Nov 25 2011 00:57:43;19.68;20.50;;23.48;27.80;
Nov 25 2011 00:58:46;19.68;20.50;;23.47;27.76;
Nov 25 2011 00:59:49;19.70;20.50;;23.52;27.70;
Nov 25 2011 01:00:55;19.69;20.50;;23.52;27.65;
Nov 25 2011 01:01:57;19.70;20.50;;23.56;27.61;
Nov 25 2011 01:03:01;19.69;20.50;;23.51;27.57;
Nov 25 2011 01:04:05;19.70;20.50;;23.55;27.54;
Nov 25 2011 01:05:09;19.70;20.50;;23.56;27.51;
Nov 25 2011 01:06:12;19.72;20.50;;23.57;27.47;
Nov 25 2011 01:07:16;19.72;20.50;;23.57;27.43;
Nov 25 2011 01:08:19;19.71;20.50;;23.59;27.38;
Nov 25 2011 01:09:22;19.72;20.50;;23.60;27.33;
Nov 25 2011 01:10:29;19.72;20.50;;23.58;27.29;
Nov 25 2011 01:11:32;19.73;20.50;;23.62;27.25;
Nov 25 2011 01:12:36;19.74;20.50;;23.62;27.22;
Nov 25 2011 01:13:40;19.73;20.50;;23.65;27.19;
Nov 25 2011 01:14:43;19.74;20.50;;23.64;27.15;
Nov 25 2011 01:15:46;19.75;20.50;;23.67;27.10;
Nov 25 2011 01:16:49;19.77;20.50;;23.66;27.05;
Nov 25 2011 01:17:52;19.75;20.50;;23.69;27.00;
Nov 25 2011 01:18:55;19.75;20.50;;23.70;26.95;
Nov 25 2011 01:19:58;19.76;20.50;;23.70;26.90;
Nov 25 2011 01:21:03;19.76;20.50;;23.74;26.87;
Nov 25 2011 01:22:08;19.76;20.50;;23.70;26.82;
Nov 25 2011 01:23:12;19.76;20.50;;23.72;26.78;
Nov 25 2011 01:24:16;19.78;20.50;;23.73;26.74;
Nov 25 2011 01:25:18;19.78;20.50;;23.71;26.71;
Nov 25 2011 01:26:21;19.78;20.50;;23.74;26.67;
Nov 25 2011 01:27:25;19.79;20.50;;23.75;26.63;
Nov 25 2011 01:28:28;19.79;20.50;;23.74;26.59;
Nov 25 2011 01:29:33;19.79;20.50;;23.76;26.53;
Nov 25 2011 01:30:35;19.80;20.50;;23.77;26.48;
Nov 25 2011 01:31:39;19.78;20.50;;23.77;26.43;
Nov 25 2011 01:32:43;19.80;20.50;;23.77;26.37;
Nov 25 2011 01:33:47;19.82;20.50;;23.79;26.33;
Nov 25 2011 01:34:51;19.80;20.50;;23.80;26.30;
Nov 25 2011 01:35:55;19.82;20.50;;23.80;26.28;
Nov 25 2011 01:36:59;19.82;20.50;;23.81;26.27;
Nov 25 2011 01:38:02;19.83;20.50;;23.82;26.26;
Nov 25 2011 01:39:06;19.82;20.50;;23.80;26.24;
Nov 25 2011 01:40:15;19.83;20.50;;23.82;26.22;
Nov 25 2011 01:41:18;19.82;20.50;;23.80;26.18;
Nov 25 2011 01:42:21;19.84;20.50;;23.83;26.13;
Nov 25 2011 01:43:25;19.85;20.50;;23.83;26.07;
Nov 25 2011 01:44:29;19.84;20.50;;23.82;26.01;
Nov 25 2011 01:45:32;19.87;20.50;;23.83;25.97;
Nov 25 2011 01:46:36;19.86;20.50;;23.83;25.92;
Nov 25 2011 01:47:40;19.86;20.50;;23.86;25.88;
Nov 25 2011 01:48:44;19.87;20.50;;23.86;25.85;
Nov 25 2011 01:49:48;19.85;20.50;;23.87;25.81;
Nov 25 2011 01:50:54;19.87;20.50;;23.83;25.78;
Nov 25 2011 01:51:57;19.88;20.50;;23.89;25.74;
Nov 25 2011 01:53:03;19.88;20.50;;23.86;25.70;
Nov 25 2011 01:54:06;19.88;20.50;;23.88;25.66;
Nov 25 2011 01:55:10;19.89;20.50;;23.85;25.62;
Nov 25 2011 01:56:14;19.89;20.50;;23.89;25.58;
Nov 25 2011 01:57:18;19.89;20.50;;23.87;25.54;
Nov 25 2011 01:58:21;19.90;20.50;;23.92;25.50;
Nov 25 2011 01:59:24;19.91;20.50;;23.90;25.47;
Nov 25 2011 02:00:27;19.91;20.50;;23.90;25.44;
Nov 25 2011 02:01:31;19.90;20.50;;23.88;25.41;
Nov 25 2011 02:02:35;19.90;20.50;;23.90;25.38;
Nov 25 2011 02:03:38;19.91;20.50;;23.92;25.36;
Nov 25 2011 02:04:41;19.93;20.50;;23.91;25.33;
Nov 25 2011 02:05:45;19.92;20.50;;23.92;25.30;
Nov 25 2011 02:06:49;19.93;20.50;;23.92;25.24;
Nov 25 2011 02:07:53;19.93;20.50;;23.92;25.14;
Nov 25 2011 02:08:57;19.94;20.50;;23.95;25.07;
Nov 25 2011 02:10:04;19.94;20.50;;23.91;25.01;
Nov 25 2011 02:11:08;19.96;20.50;;23.94;24.94;
Nov 25 2011 02:12:12;19.96;20.50;;23.94;24.88;
Nov 25 2011 02:13:16;19.96;20.50;;23.90;24.81;
Nov 25 2011 02:14:22;19.96;20.50;;23.93;24.76;
Nov 25 2011 02:15:26;19.95;20.50;;23.90;24.69;
Nov 25 2011 02:16:31;19.97;20.50;;23.92;24.64;
Nov 25 2011 02:17:36;19.96;20.50;;23.90;24.59;
Nov 25 2011 02:18:42;19.96;20.50;;23.93;24.54;
Nov 25 2011 02:19:46;19.99;20.50;;23.91;24.50;
Nov 25 2011 02:20:53;19.98;20.50;;23.92;24.46;
Nov 25 2011 02:21:58;19.98;20.50;;23.92;24.43;
Nov 25 2011 02:23:04;20.00;20.50;;23.89;24.40;
Nov 25 2011 02:24:08;19.99;20.50;;23.93;24.38;
Nov 25 2011 02:25:13;20.00;20.50;;23.94;24.37;
Nov 25 2011 02:26:18;20.00;20.50;;23.92;24.35;
Nov 25 2011 02:27:23;20.01;20.50;;23.92;24.32;
Nov 25 2011 02:28:28;20.00;20.50;;23.90;24.29;
Nov 25 2011 02:29:33;20.00;20.50;;23.91;24.24;
Nov 25 2011 02:30:39;20.02;20.50;;23.91;24.20;
Nov 25 2011 02:31:43;20.03;20.50;;23.89;24.15;
Nov 25 2011 02:32:49;20.02;20.50;;23.92;24.11;
Nov 25 2011 02:33:54;20.03;20.50;;23.88;24.06;
Nov 25 2011 02:34:59;20.05;20.50;;23.91;24.01;
Nov 25 2011 02:36:04;20.04;20.50;;23.93;23.96;
Nov 25 2011 02:37:08;20.05;20.50;;23.83;23.93;
Nov 25 2011 02:38:13;20.04;20.50;;23.73;23.91;
Nov 25 2011 02:39:18;20.05;20.50;;23.63;23.88;
Nov 25 2011 02:40:24;20.04;20.50;;23.59;23.86;
Nov 25 2011 02:41:29;20.05;20.50;;23.48;23.83;
Nov 25 2011 02:42:34;20.05;20.50;;23.43;23.82;
Nov 25 2011 02:43:39;20.06;20.50;;23.37;23.81;
Nov 25 2011 02:44:44;20.06;20.50;;23.31;23.81;
Nov 25 2011 02:45:46;20.08;20.50;;23.26;23.80;"Drifting after heating too short: 23.6 New estimator = 0.03 "
Nov 25 2011 02:46:51;20.06;20.50;;23.27;23.79;
Nov 25 2011 02:47:56;20.07;20.50;;23.31;23.77;
Nov 25 2011 02:49:01;20.09;20.50;;23.32;23.75;
Nov 25 2011 02:50:09;20.10;20.50;;23.35;23.72;
Nov 25 2011 02:51:15;20.09;20.50;;23.34;23.66;
Nov 25 2011 02:52:20;20.09;20.50;;23.35;23.59;
Nov 25 2011 02:53:25;20.09;20.50;;23.32;23.53;
Nov 25 2011 02:54:30;20.10;20.50;;23.36;23.46;
Nov 25 2011 02:55:35;20.10;20.50;;23.35;23.41;
Nov 25 2011 02:56:40;20.10;20.50;;23.27;23.37;
Nov 25 2011 02:57:45;20.12;20.50;;23.19;23.34;
Nov 25 2011 02:58:50;20.13;20.50;;23.10;23.33;
Nov 25 2011 02:58:52;20.12;20.50;;23.09;23.33;"Positive peak detected: 23.4 instead of 23.4 New estimator = 0.03 "
Nov 25 2011 02:59:57;20.13;20.50;;23.03;23.31;
Nov 25 2011 03:01:02;20.10;20.50;;22.96;23.29;
Nov 25 2011 03:02:08;20.12;20.50;;22.91;23.27;
Nov 25 2011 03:03:13;20.13;20.50;;22.84;23.25;
Nov 25 2011 03:04:18;20.14;20.50;;22.78;23.23;
Nov 25 2011 03:05:23;20.12;20.50;;22.74;23.21;
Nov 25 2011 03:06:29;20.13;20.50;;22.72;23.18;
Nov 25 2011 03:07:34;20.13;20.50;;22.75;23.16;
Nov 25 2011 03:08:39;20.14;20.50;;22.80;23.14;
Nov 25 2011 03:09:44;20.15;20.50;;22.82;23.13;
Nov 25 2011 03:10:51;20.14;20.50;;22.84;23.11;
Nov 25 2011 03:11:56;20.16;20.50;;22.85;23.09;
Nov 25 2011 03:13:01;20.16;20.50;;22.85;23.05;
Nov 25 2011 03:14:07;20.15;20.50;;22.86;23.00;
Nov 25 2011 03:15:12;20.18;20.50;;22.88;22.95;
Nov 25 2011 03:16:18;20.17;20.50;;22.88;22.88;
Nov 25 2011 03:17:23;20.17;20.50;;22.76;22.84;
Nov 25 2011 03:18:29;20.17;20.50;;22.66;22.80;
Nov 25 2011 03:19:31;20.17;20.50;;22.62;22.78;"Positive peak detected: 22.9 instead of 22.9 New estimator = 0.03 "
Nov 25 2011 03:20:37;20.17;20.50;;22.54;22.78;
Nov 25 2011 03:21:42;20.17;20.50;;22.50;22.80;
Nov 25 2011 03:22:48;20.18;20.50;;22.44;22.81;
Nov 25 2011 03:23:54;20.18;20.50;;22.37;22.82;
Nov 25 2011 03:24:59;20.19;20.50;;22.33;22.81;
Nov 25 2011 03:26:04;20.19;20.50;;22.32;22.79;
Nov 25 2011 03:27:09;20.18;20.50;;22.36;22.76;
Nov 25 2011 03:28:15;20.20;20.50;;22.43;22.71;
Nov 25 2011 03:29:20;20.19;20.50;;22.45;22.66;
Nov 25 2011 03:30:26;20.20;20.50;;22.48;22.60;
Nov 25 2011 03:31:32;20.20;20.50;;22.46;22.57;
Nov 25 2011 03:32:37;20.21;20.50;;22.49;22.53;
Nov 25 2011 03:33:42;20.20;20.50;;22.44;22.50;
Nov 25 2011 03:34:48;20.19;20.50;;22.36;22.46;
Nov 25 2011 03:35:53;20.22;20.50;;22.28;22.44;
Nov 25 2011 03:36:59;20.20;20.50;;22.24;22.41;
Nov 25 2011 03:37:24;20.21;20.50;;22.21;22.41;"Positive peak detected: 22.4 instead of 22.5 New estimator = 0.03 "
Nov 25 2011 03:38:30;20.23;20.50;;22.17;22.40;
Nov 25 2011 03:39:35;20.22;20.50;;22.10;22.39;
Nov 25 2011 03:40:42;20.22;20.50;;22.08;22.38;
Nov 25 2011 03:41:48;20.22;20.50;;22.01;22.37;
Nov 25 2011 03:42:53;20.22;20.50;;21.97;22.38;
Nov 25 2011 03:43:58;20.23;20.50;;21.93;22.39;
Nov 25 2011 03:45:04;20.23;20.50;;21.97;22.41;
Nov 25 2011 03:46:10;20.23;20.50;;22.01;22.45;
Nov 25 2011 03:47:15;20.24;20.50;;22.05;22.50;
Nov 25 2011 03:48:21;20.24;20.50;;22.08;22.53;
Nov 25 2011 03:49:26;20.24;20.50;;22.10;22.54;
Nov 25 2011 03:50:32;20.25;20.50;;22.11;22.52;
Nov 25 2011 03:51:37;20.25;20.50;;22.14;22.50;
Nov 25 2011 03:52:43;20.24;20.50;;22.15;22.49;
Nov 25 2011 03:53:48;20.25;20.50;;22.20;22.40;
Nov 25 2011 03:54:54;20.24;20.50;;22.21;22.27;
Nov 25 2011 03:55:59;20.26;20.50;;22.16;22.21;
Nov 25 2011 03:57:05;20.24;20.50;;22.10;22.21;
Nov 25 2011 03:58:10;20.25;20.50;;22.00;22.23;
Nov 25 2011 03:59:16;20.25;20.50;;21.94;22.26;
Nov 25 2011 03:59:26;20.26;20.50;;21.96;22.26;"Positive peak detected: 22.2 instead of 22.2 New estimator = 0.03 "
Nov 25 2011 04:00:32;20.26;20.50;;21.91;22.30;
Nov 25 2011 04:01:37;20.25;20.50;;21.87;22.33;
Nov 25 2011 04:02:43;20.27;20.50;;21.89;22.36;
Nov 25 2011 04:03:48;20.26;20.50;;21.93;22.40;
Nov 25 2011 04:04:54;20.26;20.50;;21.99;22.43;
Nov 25 2011 04:05:59;20.26;20.50;;22.02;22.46;
Nov 25 2011 04:07:05;20.26;20.50;;22.06;22.48;
Nov 25 2011 04:08:11;20.26;20.50;;22.08;22.51;
Nov 25 2011 04:09:16;20.27;20.50;;22.12;22.53;
Nov 25 2011 04:10:23;20.29;20.50;;22.14;22.55;
Nov 25 2011 04:11:28;20.27;20.50;;22.15;22.56;
Nov 25 2011 04:12:34;20.28;20.50;;22.16;22.57;
Nov 25 2011 04:13:39;20.29;20.50;;22.20;22.57;
Nov 25 2011 04:14:45;20.27;20.50;;22.20;22.56;
Nov 25 2011 04:15:51;20.28;20.50;;22.26;22.55;
Nov 25 2011 04:16:57;20.29;20.50;;22.27;22.54;
Nov 25 2011 04:18:03;20.28;20.50;;22.29;22.53;
Nov 25 2011 04:19:09;20.30;20.50;;22.32;22.52;
Nov 25 2011 04:20:15;20.29;20.50;;22.32;22.52;
Nov 25 2011 04:21:21;20.28;20.50;;22.36;22.51;
Nov 25 2011 04:22:27;20.31;20.50;;22.35;22.52;
Nov 25 2011 04:23:33;20.31;20.50;;22.38;22.55;
Nov 25 2011 04:24:38;20.30;20.50;;22.41;22.57;
Nov 25 2011 04:25:44;20.31;20.50;;22.45;22.58;
Nov 25 2011 04:26:49;20.31;20.50;;22.47;22.60;
Nov 25 2011 04:27:55;20.31;20.50;;22.45;22.60;
Nov 25 2011 04:29:01;20.31;20.50;;22.50;22.59;
Nov 25 2011 04:30:11;20.32;20.50;;22.53;22.58;
Nov 25 2011 04:31:17;20.31;20.50;;22.48;22.56;
Nov 25 2011 04:32:23;20.31;20.50;;22.41;22.54;
Nov 25 2011 04:33:29;20.31;20.50;;22.33;22.53;
Nov 25 2011 04:34:35;20.32;20.50;;22.27;22.54;
Nov 25 2011 04:34:37;20.32;20.50;;22.28;22.54;"Positive peak detected: 22.5 instead of 22.6 New estimator = 0.03 "
Nov 25 2011 04:35:43;20.32;20.50;;22.22;22.56;
Nov 25 2011 04:36:49;20.32;20.50;;22.19;22.57;
Nov 25 2011 04:37:55;20.35;20.50;;22.16;22.58;
Nov 25 2011 04:39:01;20.33;20.50;;22.09;22.58;
Nov 25 2011 04:40:11;20.33;20.50;;22.10;22.58;
Nov 25 2011 04:41:17;20.33;20.50;;22.17;22.59;
Nov 25 2011 04:42:23;20.34;20.50;;22.21;22.61;
Nov 25 2011 04:43:29;20.34;20.50;;22.26;22.62;
Nov 25 2011 04:44:34;20.34;20.50;;22.26;22.62;
Nov 25 2011 04:45:40;20.34;20.50;;22.28;22.63;
Nov 25 2011 04:46:46;20.35;20.50;;22.30;22.63;
Nov 25 2011 04:47:52;20.35;20.50;;22.34;22.63;
Nov 25 2011 04:48:58;20.36;20.50;;22.33;22.64;
Nov 25 2011 04:50:08;20.36;20.50;;22.37;22.64;
Nov 25 2011 04:51:15;20.36;20.50;;22.34;22.64;
Nov 25 2011 04:52:22;20.35;20.50;;22.43;22.63;
Nov 25 2011 04:53:28;20.37;20.50;;22.43;22.59;
Nov 25 2011 04:54:34;20.36;20.50;;22.45;22.55;
Nov 25 2011 04:55:40;20.36;20.50;;22.46;22.52;
Nov 25 2011 04:56:46;20.36;20.50;;22.40;22.47;
Nov 25 2011 04:57:52;20.37;20.50;;22.30;22.46;
Nov 25 2011 04:58:58;20.36;20.50;;22.25;22.46;
Nov 25 2011 04:59:16;20.36;20.50;;22.24;22.46;"Positive peak detected: 22.4 instead of 22.5 New estimator = 0.03 "
Nov 25 2011 05:00:23;20.36;20.50;;22.20;22.47;
Nov 25 2011 05:01:28;20.37;20.50;;22.14;22.48;
Nov 25 2011 05:02:34;20.38;20.50;;22.08;22.50;
Nov 25 2011 05:03:41;20.38;20.50;;22.05;22.51;
Nov 25 2011 05:04:47;20.37;20.50;;22.02;22.52;
Nov 25 2011 05:05:53;20.38;20.50;;22.10;22.50;
Nov 25 2011 05:06:59;20.40;20.50;;22.14;22.48;
Nov 25 2011 05:08:05;20.39;20.50;;22.18;22.46;
Nov 25 2011 05:09:11;20.41;20.50;;22.20;22.43;
Nov 25 2011 05:10:18;20.39;20.50;;22.25;22.39;
Nov 25 2011 05:11:24;20.38;20.50;;22.23;22.35;
Nov 25 2011 05:12:30;20.41;20.50;;22.28;22.32;
Nov 25 2011 05:13:36;20.38;20.50;;22.24;22.30;
Nov 25 2011 05:14:43;20.40;20.50;;22.13;22.29;
Nov 25 2011 05:15:49;20.39;20.50;;22.05;22.29;
Nov 25 2011 05:16:55;20.40;20.50;;22.01;22.32;
Nov 25 2011 05:17:35;20.40;20.50;;21.97;22.32;"Positive peak detected: 22.2 instead of 22.3 New estimator = 0.03 "
Nov 25 2011 05:18:42;20.40;20.50;;21.94;22.34;
Nov 25 2011 05:19:48;20.42;20.50;;21.91;22.37;
Nov 25 2011 05:20:55;20.41;20.50;;21.93;22.42;
Nov 25 2011 05:22:02;20.41;20.50;;21.98;22.45;
Nov 25 2011 05:23:08;20.41;20.50;;22.03;22.47;
Nov 25 2011 05:24:15;20.42;20.50;;22.07;22.49;
Nov 25 2011 05:25:21;20.43;20.50;;22.06;22.51;
Nov 25 2011 05:26:27;20.42;20.50;;22.12;22.52;
Nov 25 2011 05:27:34;20.43;20.50;;22.16;22.52;
Nov 25 2011 05:28:40;20.41;20.50;;22.13;22.51;
Nov 25 2011 05:29:46;20.42;20.50;;22.18;22.49;
Nov 25 2011 05:30:53;20.42;20.50;;22.19;22.46;
Nov 25 2011 05:31:59;20.44;20.50;;22.23;22.42;
Nov 25 2011 05:33:06;20.43;20.50;;22.22;22.39;
Nov 25 2011 05:34:13;20.43;20.50;;22.28;22.37;
Nov 25 2011 05:35:19;20.43;20.50;;22.26;22.34;
Nov 25 2011 05:36:25;20.43;20.50;;22.27;22.32;
Nov 25 2011 05:37:31;20.44;20.50;;22.20;22.31;
Nov 25 2011 05:38:37;20.43;20.50;;22.09;22.32;
Nov 25 2011 05:39:44;20.44;20.50;;22.08;22.33;
Nov 25 2011 05:39:54;20.44;20.50;;22.05;22.33;"Positive peak detected: 22.3 instead of 22.3 New estimator = 0.03 "
Nov 25 2011 05:41:01;20.45;20.50;;21.98;22.33;
Nov 25 2011 05:42:07;20.44;20.50;;21.98;22.32;
Nov 25 2011 05:43:14;20.43;20.50;;21.94;22.31;
Nov 25 2011 05:44:20;20.43;20.50;;21.89;22.30;
Nov 25 2011 05:45:26;20.44;20.50;;21.86;22.30;
Nov 25 2011 05:46:33;20.45;20.50;;21.80;22.31;
Nov 25 2011 05:47:39;20.44;20.50;;21.77;22.31;
Nov 25 2011 05:48:45;20.44;20.50;;21.74;22.30;
Nov 25 2011 05:49:51;20.45;20.50;;21.69;22.28;
Nov 25 2011 05:50:59;20.46;20.50;;21.64;22.26;
Nov 25 2011 05:52:06;20.46;20.50;;21.60;22.23;
Nov 25 2011 05:53:12;20.46;20.50;;21.57;22.21;
Nov 25 2011 05:54:19;20.46;20.50;;21.51;22.18;
Nov 25 2011 05:55:26;20.45;20.50;;21.48;22.15;
Nov 25 2011 05:56:32;20.46;20.50;;21.43;22.12;
Nov 25 2011 05:57:39;20.45;20.50;;21.42;22.10;
Nov 25 2011 05:58:45;20.45;20.50;;21.37;22.11;
Nov 25 2011 05:59:51;20.46;20.50;;21.31;22.12;
Nov 25 2011 06:01:00;20.46;20.50;;21.30;22.14;
Nov 25 2011 06:02:06;20.46;20.50;;21.27;22.16;
Nov 25 2011 06:03:13;20.45;20.50;;21.21;22.19;
Nov 25 2011 06:04:20;20.46;20.50;;21.19;22.20;
Nov 25 2011 06:05:26;20.45;20.50;;21.16;22.21;
Nov 25 2011 06:06:32;20.48;20.50;;21.11;22.23;
Nov 25 2011 06:07:39;20.47;20.50;;21.08;22.24;
Nov 25 2011 06:08:45;20.46;20.50;;21.03;22.24;
Nov 25 2011 06:09:52;20.47;20.50;;21.02;22.23;
Nov 25 2011 06:11:00;20.46;20.50;;20.96;22.22;
Nov 25 2011 06:12:06;20.47;20.50;;20.93;22.20;
Nov 25 2011 06:13:12;20.48;20.50;;20.90;22.18;
Nov 25 2011 06:14:19;20.47;20.50;;20.87;22.16;
Nov 25 2011 06:15:25;20.47;20.50;;20.83;22.13;
Nov 25 2011 06:16:32;20.47;20.50;;20.82;22.11;
Nov 25 2011 06:17:38;20.47;20.50;;20.80;22.10;
Nov 25 2011 06:18:45;20.47;20.50;;20.76;22.11;
Nov 25 2011 06:19:51;20.46;20.50;;20.72;22.11;
Nov 25 2011 06:20:59;20.47;20.50;;20.68;22.12;
Nov 25 2011 06:22:06;20.46;20.50;;20.66;22.14;
Nov 25 2011 06:23:13;20.46;20.50;;20.63;22.16;
Nov 25 2011 06:24:19;20.47;20.50;;20.63;22.22;
Nov 25 2011 06:25:26;20.48;20.50;;20.58;22.25;
Nov 25 2011 06:26:32;20.46;20.50;;20.57;22.27;
Nov 25 2011 06:27:39;20.48;20.50;;20.54;22.29;
Nov 25 2011 06:28:45;20.46;20.50;;20.52;22.29;
Nov 25 2011 06:29:52;20.48;20.50;;20.50;22.27;
Nov 25 2011 06:31:01;20.46;20.50;;20.47;22.26;
Nov 25 2011 06:32:07;20.47;20.50;;20.45;22.25;
Nov 25 2011 06:33:14;20.47;20.50;;20.39;22.24;
Nov 25 2011 06:34:20;20.47;20.50;;20.39;22.24;
Nov 25 2011 06:35:27;20.47;20.50;;20.37;22.25;
Nov 25 2011 06:36:34;20.47;20.50;;20.34;22.26;
Nov 25 2011 06:37:41;20.46;20.50;;20.35;22.27;
Nov 25 2011 06:38:47;20.49;20.50;;20.29;22.29;
Nov 25 2011 06:39:54;20.46;20.50;;20.27;22.31;
Nov 25 2011 06:41:01;20.47;20.50;;20.27;22.33;
Nov 25 2011 06:42:08;20.47;20.50;;20.26;22.34;
Nov 25 2011 06:43:15;20.45;20.50;;20.22;22.35;
Nov 25 2011 06:44:21;20.47;20.50;;20.20;22.37;
Nov 25 2011 06:45:28;20.46;20.50;;20.18;22.39;
Nov 25 2011 06:46:35;20.48;20.50;;20.15;22.40;
Nov 25 2011 06:47:42;20.47;20.50;;20.15;22.41;
Nov 25 2011 06:48:48;20.48;20.50;;20.11;22.41;
Nov 25 2011 06:49:55;20.47;20.50;;20.12;22.41;
Nov 25 2011 06:51:03;20.46;20.50;;20.10;22.40;
Nov 25 2011 06:52:10;20.47;20.50;;20.08;22.39;
Nov 25 2011 06:53:16;20.48;20.50;;20.07;22.39;
Nov 25 2011 06:54:23;20.47;20.50;;20.04;22.40;
Nov 25 2011 06:55:30;20.45;20.50;;20.06;22.42;
Nov 25 2011 06:56:36;20.45;20.50;;20.02;22.44;
Nov 25 2011 06:57:43;20.46;20.50;;19.99;22.46;
Nov 25 2011 06:58:50;20.46;20.50;;20.01;22.48;
Nov 25 2011 06:59:57;20.45;20.50;;19.98;22.50;
Nov 25 2011 07:01:05;20.45;20.50;;19.97;22.52;
Nov 25 2011 07:02:11;20.47;20.50;;19.93;22.53;
Nov 25 2011 07:03:18;20.46;20.50;;19.94;22.54;
Nov 25 2011 07:04:25;20.47;20.50;;19.92;22.55;
Nov 25 2011 07:05:32;20.45;20.50;;19.90;22.56;
Nov 25 2011 07:06:38;20.45;20.50;;19.92;22.56;
Nov 25 2011 07:07:45;20.46;20.50;;19.87;22.57;
Nov 25 2011 07:08:52;20.46;20.50;;19.85;22.58;
Nov 25 2011 07:09:59;20.46;20.50;;19.84;22.58;
Nov 25 2011 07:11:07;20.46;20.50;;19.82;22.60;
Nov 25 2011 07:12:14;20.44;20.50;;19.82;22.62;
Nov 25 2011 07:13:21;20.43;20.50;;19.81;22.63;
Nov 25 2011 07:14:28;20.45;20.50;;19.80;22.65;
Nov 25 2011 07:15:35;20.44;20.50;;19.78;22.65;
Nov 25 2011 07:16:43;20.45;20.50;;19.75;22.66;
Nov 25 2011 07:17:50;20.45;20.50;;19.77;22.67;
Nov 25 2011 07:18:57;20.45;20.50;;19.78;22.68;
Nov 25 2011 07:20:11;20.44;20.50;;19.76;22.71;
Nov 25 2011 07:21:18;20.45;20.50;;19.73;22.73;
Nov 25 2011 07:22:25;20.45;20.50;;19.75;22.74;
Nov 25 2011 07:23:32;20.44;20.50;;19.71;22.74;
Nov 25 2011 07:24:39;20.43;20.50;;19.69;22.74;
Nov 25 2011 07:25:46;20.44;20.50;;19.68;22.75;
Nov 25 2011 07:26:53;20.44;20.50;;19.71;22.78;
Nov 25 2011 07:28:00;20.42;20.50;;19.69;22.82;
Nov 25 2011 07:29:07;20.44;20.50;;19.69;22.86;
Nov 25 2011 07:30:15;20.43;20.50;;19.65;22.91;
Nov 25 2011 07:31:22;20.42;20.50;;19.67;22.94;
Nov 25 2011 07:32:29;20.44;20.50;;19.67;22.96;
Nov 25 2011 07:33:36;20.43;20.50;;19.67;22.99;
Nov 25 2011 07:34:44;20.42;20.50;;19.67;23.01;
Nov 25 2011 07:35:51;20.43;20.50;;19.67;23.02;
Nov 25 2011 07:36:58;20.43;20.50;;19.65;23.03;
Nov 25 2011 07:38:05;20.43;20.50;;19.65;23.04;
Nov 25 2011 07:39:13;20.43;20.50;;19.67;23.05;
Nov 25 2011 07:40:22;20.43;20.50;;19.67;23.06;
Nov 25 2011 07:41:29;20.42;20.50;;19.66;23.06;
Nov 25 2011 07:42:37;20.42;20.50;;19.67;23.06;
Nov 25 2011 07:43:44;20.41;20.50;;19.78;23.08;
Nov 25 2011 07:44:51;20.41;20.50;;19.89;23.11;
Nov 25 2011 07:45:58;20.41;20.50;;19.95;23.15;
Nov 25 2011 07:47:05;20.43;20.50;;20.05;23.19;
Nov 25 2011 07:48:12;20.42;20.50;;20.13;23.23;
Nov 25 2011 07:49:19;20.42;20.50;;20.19;23.25;
Nov 25 2011 07:50:27;20.41;20.50;;20.25;23.27;
Nov 25 2011 07:51:34;20.43;20.50;;20.32;23.27;
Nov 25 2011 07:52:41;20.43;20.50;;20.40;23.28;
Nov 25 2011 07:53:49;20.41;20.50;;20.47;23.30;
Nov 25 2011 07:54:56;20.41;20.50;;20.54;23.32;
Nov 25 2011 07:56:04;20.40;20.50;;20.59;23.33;
Nov 25 2011 07:57:11;20.40;20.50;;20.66;23.34;
Nov 25 2011 07:58:18;20.43;20.50;;20.70;23.34;
Nov 25 2011 07:59:25;20.42;20.50;;20.78;23.33;
Nov 25 2011 08:00:31;20.42;20.50;;20.82;23.33;
Nov 25 2011 08:01:40;20.41;20.50;;20.91;23.33;
Nov 25 2011 08:02:47;20.40;20.50;;20.98;23.32;
Nov 25 2011 08:03:53;20.42;20.50;;21.03;23.33;
Nov 25 2011 08:04:59;20.41;20.50;;21.04;23.34;
Nov 25 2011 08:06:08;20.40;20.50;;21.14;23.35;
Nov 25 2011 08:07:15;20.41;20.50;;21.20;23.36;
Nov 25 2011 08:08:21;20.41;20.50;;21.27;23.37;
Nov 25 2011 08:09:27;20.42;20.50;;21.32;23.37;
Nov 25 2011 08:10:34;20.42;20.50;;21.37;23.37;
Nov 25 2011 08:11:41;20.41;20.50;;21.43;23.37;
Nov 25 2011 08:12:49;20.42;20.50;;21.51;23.38;
Nov 25 2011 08:13:56;20.41;20.50;;21.55;23.38;
Nov 25 2011 08:15:03;20.42;20.50;;21.60;23.38;
Nov 25 2011 08:16:11;20.41;20.50;;21.67;23.36;
Nov 25 2011 08:17:16;20.41;20.50;;21.72;23.34;
Nov 25 2011 08:18:23;20.43;20.50;;21.79;23.32;
Nov 25 2011 08:19:29;20.41;20.50;;21.82;23.31;
Nov 25 2011 08:20:37;20.42;20.50;;21.89;23.30;
Nov 25 2011 08:21:45;20.42;20.50;;21.95;23.30;
Nov 25 2011 08:22:51;20.44;20.50;;22.03;23.29;
Nov 25 2011 08:23:58;20.42;20.50;;22.03;23.30;
Nov 25 2011 08:25:04;20.42;20.50;;22.11;23.30;
Nov 25 2011 08:26:11;20.41;20.50;;22.16;23.30;
Nov 25 2011 08:27:17;20.42;20.50;;22.21;23.30;
Nov 25 2011 08:28:24;20.43;20.50;;22.25;23.28;
Nov 25 2011 08:29:30;20.41;20.50;;22.32;23.26;
Nov 25 2011 08:30:39;20.42;20.50;;22.36;23.22;
Nov 25 2011 08:31:46;20.44;20.50;;22.39;23.19;
Nov 25 2011 08:32:55;20.42;20.50;;22.43;23.13;
Nov 25 2011 08:34:04;20.43;20.50;;22.49;23.10;
Nov 25 2011 08:35:11;20.43;20.50;;22.53;23.07;
Nov 25 2011 08:36:23;20.43;20.50;;22.58;23.04;
Nov 25 2011 08:37:30;20.43;20.50;;22.63;23.01;
Nov 25 2011 08:38:37;20.43;20.50;;22.67;22.97;
Nov 25 2011 08:39:45;20.43;20.50;;22.72;22.94;
Nov 25 2011 08:40:54;20.43;20.50;;22.75;22.93;
Nov 25 2011 08:42:03;20.45;20.50;;22.80;22.91;
Nov 25 2011 08:43:11;20.45;20.50;;22.85;22.91;
Nov 25 2011 08:44:18;20.45;20.50;;22.84;22.90;
Nov 25 2011 08:45:25;20.45;20.50;;22.79;22.89;
Nov 25 2011 08:46:33;20.44;20.50;;22.73;22.87;
Nov 25 2011 08:47:40;20.44;20.50;;22.68;22.86;
Nov 25 2011 08:48:48;20.45;20.50;;22.66;22.86;
Nov 25 2011 08:49:17;20.44;20.50;;22.64;22.86;"Positive peak detected: 22.8 instead of 22.9 New estimator = 0.03 "
Nov 25 2011 08:50:25;20.44;20.50;;22.62;22.86;
Nov 25 2011 08:51:33;20.44;20.50;;22.57;22.85;
Nov 25 2011 08:52:40;20.45;20.50;;22.58;22.84;
Nov 25 2011 08:53:48;20.46;20.50;;22.54;22.83;
Nov 25 2011 08:54:55;20.44;20.50;;22.51;22.80;
Nov 25 2011 08:56:04;20.46;20.50;;22.50;22.74;
Nov 25 2011 08:57:11;20.45;20.50;;22.45;22.70;
Nov 25 2011 08:58:19;20.45;20.50;;22.45;22.67;
Nov 25 2011 08:59:26;20.46;20.50;;22.43;22.66;
Nov 25 2011 09:00:35;20.45;20.50;;22.39;22.65;
Nov 25 2011 09:01:42;20.46;20.50;;22.35;22.65;
Nov 25 2011 09:02:51;20.46;20.50;;22.34;22.64;
Nov 25 2011 09:03:58;20.45;20.50;;22.29;22.63;
Nov 25 2011 09:05:06;20.46;20.50;;22.27;22.62;
Nov 25 2011 09:06:14;20.46;20.50;;22.24;22.61;
Nov 25 2011 09:07:22;20.46;20.50;;22.22;22.61;
Nov 25 2011 09:08:29;20.47;20.50;;22.18;22.60;
Nov 25 2011 09:09:37;20.48;20.50;;22.14;22.59;
Nov 25 2011 09:10:46;20.46;20.50;;22.13;22.57;
Nov 25 2011 09:11:54;20.47;20.50;;22.10;22.54;
Nov 25 2011 09:13:02;20.47;20.50;;22.09;22.51;
Nov 25 2011 09:14:09;20.46;20.50;;22.05;22.48;
Nov 25 2011 09:15:17;20.48;20.50;;22.03;22.48;
Nov 25 2011 09:16:25;20.47;20.50;;21.98;22.47;
Nov 25 2011 09:17:32;20.48;20.50;;21.98;22.46;
Nov 25 2011 09:18:40;20.48;20.50;;21.95;22.45;
Nov 25 2011 09:19:47;20.48;20.50;;21.94;22.44;
Nov 25 2011 09:20:56;20.47;20.50;;21.87;22.42;
Nov 25 2011 09:22:06;20.47;20.50;;21.89;22.40;
Nov 25 2011 09:23:13;20.47;20.50;;21.83;22.38;
Nov 25 2011 09:24:21;20.47;20.50;;21.85;22.38;
Nov 25 2011 09:25:29;20.48;20.50;;21.81;22.39;
Nov 25 2011 09:26:37;20.50;20.50;;21.76;22.40;
Nov 25 2011 09:27:45;20.48;20.50;;21.75;22.42;
Nov 25 2011 09:28:52;20.48;20.50;;21.75;22.42;
Nov 25 2011 09:30:01;20.49;20.50;;21.71;22.42;
Nov 25 2011 09:31:10;20.47;20.50;;21.67;22.40;
Nov 25 2011 09:32:18;20.48;20.50;;21.67;22.39;
Nov 25 2011 09:33:25;20.49;20.50;;21.66;22.38;
Nov 25 2011 09:34:33;20.49;20.50;;21.65;22.38;
Nov 25 2011 09:35:41;20.50;20.50;;21.64;22.38;
Nov 25 2011 09:36:49;20.49;20.50;;21.60;22.37;
Nov 25 2011 09:37:56;20.50;20.50;;21.57;22.36;
Nov 25 2011 09:39:05;20.51;20.50;;21.54;22.34;
Nov 25 2011 09:40:15;20.50;20.50;;21.55;22.32;
Nov 25 2011 09:41:23;20.49;20.50;;21.50;22.29;
Nov 25 2011 09:42:31;20.49;20.50;;21.50;22.28;
Nov 25 2011 09:43:39;20.49;20.50;;21.47;22.28;
Nov 25 2011 09:44:47;20.49;20.50;;21.47;22.29;
Nov 25 2011 09:45:54;20.49;20.50;;21.46;22.29;
Nov 25 2011 09:47:02;20.49;20.50;;21.42;22.30;
Nov 25 2011 09:48:10;20.50;20.50;;21.44;22.31;
Nov 25 2011 09:49:18;20.49;20.50;;21.40;22.32;
Nov 25 2011 09:50:27;20.50;20.50;;21.36;22.31;
Nov 25 2011 09:51:34;20.50;20.50;;21.36;22.30;
Nov 25 2011 09:52:42;20.50;20.50;;21.34;22.28;
Nov 25 2011 09:53:50;20.49;20.50;;21.31;22.27;
Nov 25 2011 09:54:59;20.51;20.50;;21.35;22.26;
Nov 25 2011 09:56:07;20.50;20.50;;21.32;22.26;
Nov 25 2011 09:57:15;20.49;20.50;;21.30;22.25;
Nov 25 2011 09:58:23;20.51;20.50;;21.29;22.25;
Nov 25 2011 09:59:31;20.51;20.50;;21.27;22.24;
Nov 25 2011 10:00:40;20.51;20.50;;21.28;22.23;
Nov 25 2011 10:01:48;20.50;20.50;;21.26;22.22;
Nov 25 2011 10:02:56;20.50;20.50;;21.25;22.20;
Nov 25 2011 10:04:05;20.50;20.50;;21.23;22.20;
Nov 25 2011 10:05:13;20.52;20.50;;21.21;22.19;
Nov 25 2011 10:06:21;20.51;20.50;;21.19;22.19;
Nov 25 2011 10:07:29;20.51;20.50;;21.19;22.20;
Nov 25 2011 10:08:37;20.52;20.50;;21.18;22.20;
Nov 25 2011 10:09:45;20.51;20.50;;21.18;22.21;
Nov 25 2011 10:10:55;20.51;20.50;;21.16;22.21;
Nov 25 2011 10:12:04;20.51;20.50;;21.18;22.20;
Nov 25 2011 10:13:12;20.52;20.50;;21.15;22.18;
Nov 25 2011 10:14:20;20.51;20.50;;21.11;22.16;
Nov 25 2011 10:15:29;20.51;20.50;;21.14;22.14;
Nov 25 2011 10:16:37;20.50;20.50;;21.13;22.13;
Nov 25 2011 10:17:45;20.52;20.50;;21.10;22.13;
Nov 25 2011 10:18:53;20.52;20.50;;21.10;22.14;
Nov 25 2011 10:20:05;20.52;20.50;;21.08;22.16;
Nov 25 2011 10:21:14;20.53;20.50;;21.05;22.19;
Nov 25 2011 10:22:23;20.52;20.50;;21.06;22.21;
Nov 25 2011 10:23:31;20.51;20.50;;21.05;22.22;
Nov 25 2011 10:24:39;20.51;20.50;;21.05;22.21;
Nov 25 2011 10:25:47;20.53;20.50;;21.02;22.19;
Nov 25 2011 10:26:55;20.51;20.50;;21.01;22.18;
Nov 25 2011 10:28:04;20.53;20.50;;21.01;22.16;
Nov 25 2011 10:29:13;20.51;20.50;;21.00;22.16;
Nov 25 2011 10:30:23;20.52;20.50;;20.99;22.16;
Nov 25 2011 10:31:31;20.52;20.50;;20.99;22.18;
Nov 25 2011 10:32:39;20.52;20.50;;20.99;22.19;
Nov 25 2011 10:33:47;20.51;20.50;;20.97;22.20;
Nov 25 2011 10:34:55;20.53;20.50;;20.99;22.20;
Nov 25 2011 10:36:05;20.51;20.50;;20.97;22.19;
Nov 25 2011 10:37:13;20.51;20.50;;20.94;22.18;
Nov 25 2011 10:38:22;20.52;20.50;;20.96;22.17;
Nov 25 2011 10:39:30;20.53;20.50;;20.94;22.16;
Nov 25 2011 10:40:40;20.54;20.50;;20.94;22.14;
Nov 25 2011 10:41:48;20.51;20.50;;20.92;22.14;
Nov 25 2011 10:42:56;20.53;20.50;;20.94;22.14;
Nov 25 2011 10:44:05;20.52;20.50;;20.93;22.15;
Nov 25 2011 10:45:14;20.52;20.50;;20.92;22.17;
Nov 25 2011 10:46:22;20.54;20.50;;20.92;22.18;
Nov 25 2011 10:47:30;20.52;20.50;;20.91;22.18;
Nov 25 2011 10:48:38;20.53;20.50;;20.90;22.17;
Nov 25 2011 10:49:46;20.53;20.50;;20.87;22.14;
Nov 25 2011 10:50:55;20.52;20.50;;20.90;22.12;
Nov 25 2011 10:52:05;20.52;20.50;;20.88;22.11;
Nov 25 2011 10:53:13;20.52;20.50;;20.88;22.10;
Nov 25 2011 10:54:22;20.51;20.50;;20.85;22.09;
Nov 25 2011 10:55:30;20.52;20.50;;20.86;22.09;
Nov 25 2011 10:56:38;20.53;20.50;;20.85;22.10;
Nov 25 2011 10:57:47;20.53;20.50;;20.84;22.12;
Nov 25 2011 10:58:55;20.54;20.50;;20.84;22.13;
Nov 25 2011 11:00:10;20.53;20.50;;20.85;22.14;
Nov 25 2011 11:01:19;20.51;20.50;;20.83;22.14;
Nov 25 2011 11:02:27;20.53;20.50;;20.83;22.13;
Nov 25 2011 11:03:36;20.54;20.50;;20.81;22.12;
Nov 25 2011 11:04:45;20.53;20.50;;20.82;22.12;
Nov 25 2011 11:05:53;20.52;20.50;;20.83;22.12;
Nov 25 2011 11:07:02;20.54;20.50;;20.83;22.12;
Nov 25 2011 11:08:10;20.53;20.50;;20.84;22.11;
Nov 25 2011 11:09:18;20.52;20.50;;20.82;22.09;
Nov 25 2011 11:10:27;20.54;20.50;;20.78;22.08;
Nov 25 2011 11:11:36;20.54;20.50;;20.79;22.07;
Nov 25 2011 11:12:45;20.51;20.50;;20.80;22.06;
Nov 25 2011 11:13:53;20.52;20.50;;20.80;22.04;
Nov 25 2011 11:15:02;20.53;20.50;;20.79;22.04;
Nov 25 2011 11:16:10;20.54;20.50;;20.78;22.05;
Nov 25 2011 11:17:19;20.53;20.50;;20.78;22.06;
Nov 25 2011 11:18:27;20.53;20.50;;20.76;22.07;
Nov 25 2011 11:19:36;20.52;20.50;;20.75;22.09;
Nov 25 2011 11:20:46;20.55;20.50;;20.76;22.09;
Nov 25 2011 11:21:53;20.52;20.50;;20.77;22.08;
Nov 25 2011 11:23:03;20.53;20.50;;20.78;22.07;
Nov 25 2011 11:24:10;20.53;19.50;"Beer temperature setting changed to 19.5 according to temperature profile.";20.75;10.85;
Nov 25 2011 11:25:18;20.53;19.50;;20.75;15.13;
Nov 25 2011 11:26:29;20.53;19.50;;20.73;14.65;
Nov 25 2011 11:27:37;20.54;19.50;;20.65;14.42;
Nov 25 2011 11:28:45;20.54;19.50;;20.54;14.31;
Nov 25 2011 11:29:52;20.54;19.50;;20.34;14.24;
Nov 25 2011 11:31:02;20.54;19.50;;20.15;14.21;
Nov 25 2011 11:32:10;20.53;19.50;;19.87;14.19;
Nov 25 2011 11:33:18;20.53;19.50;;19.56;14.19;
Nov 25 2011 11:34:26;20.53;19.50;;19.23;14.19;
Nov 25 2011 11:35:35;20.52;19.50;;18.87;14.19;
Nov 25 2011 11:36:43;20.53;19.50;;18.52;14.20;
Nov 25 2011 11:37:51;20.52;19.50;;18.15;14.22;
Nov 25 2011 11:38:59;20.51;19.50;;17.77;14.24;
Nov 25 2011 11:40:25;20.51;19.50;;17.44;14.27;
Nov 25 2011 11:41:34;20.50;19.50;;17.01;14.31;
Nov 25 2011 11:42:42;20.50;19.50;;16.67;14.35;
Nov 25 2011 11:43:50;20.48;19.50;;16.33;14.39;
Nov 25 2011 11:44:58;20.45;19.50;;16.04;14.45;
Nov 25 2011 11:46:09;20.44;19.50;;15.81;14.50;
Nov 25 2011 11:47:16;20.43;19.50;;15.62;14.57;
Nov 25 2011 11:48:27;20.43;19.50;;15.49;14.65;
Nov 25 2011 11:49:34;20.42;19.50;;15.40;14.76;
Nov 25 2011 11:50:43;20.39;19.50;;15.36;14.87;
Nov 25 2011 11:51:51;20.38;19.50;;15.34;14.99;
Nov 25 2011 11:53:01;20.38;19.50;;15.33;15.19;
Nov 25 2011 11:54:10;20.36;19.50;;15.39;15.32;
Nov 25 2011 11:55:17;20.34;19.50;;15.39;15.46;
Nov 25 2011 11:56:25;20.33;19.50;;15.45;15.58;
Nov 25 2011 11:57:33;20.31;19.50;;15.48;15.71;
Nov 25 2011 11:57:56;20.31;19.50;;15.48;15.73;"Negative peak detected: 15.3 instead of 14.4 New estimator = 0.56 "
Nov 25 2011 11:59:05;20.30;19.50;;15.55;15.92;
Nov 25 2011 12:00:27;20.29;19.50;;15.60;16.05;
Nov 25 2011 12:01:38;20.29;19.50;;15.69;16.18;
Nov 25 2011 12:02:45;20.28;19.50;;15.75;16.29;
Nov 25 2011 12:03:53;20.26;19.50;;15.80;16.40;
Nov 25 2011 12:05:03;20.24;19.50;;15.88;16.55;
Nov 25 2011 12:06:12;20.24;19.50;;15.95;16.66;
Nov 25 2011 12:07:20;20.23;19.50;;15.99;16.75;
Nov 25 2011 12:08:31;20.23;19.50;;16.10;16.85;
Nov 25 2011 12:09:39;20.20;19.50;;16.16;16.93;
Nov 25 2011 12:10:51;20.20;19.50;;16.22;17.02;
Nov 25 2011 12:12:00;20.18;19.50;;16.33;17.11;
Nov 25 2011 12:13:10;20.18;19.50;;16.37;17.22;
Nov 25 2011 12:14:19;20.17;19.50;;16.45;17.29;
Nov 25 2011 12:15:27;20.16;19.50;;16.50;17.36;
Nov 25 2011 12:16:36;20.14;19.50;;16.56;17.43;
Nov 25 2011 12:17:45;20.15;19.50;;16.65;17.49;
Nov 25 2011 12:18:54;20.13;19.50;;16.68;17.55;
Nov 25 2011 12:20:11;20.12;19.50;;16.76;17.59;
Nov 25 2011 12:21:23;20.10;19.50;;16.81;17.63;
Nov 25 2011 12:22:32;20.09;19.50;;16.88;17.66;
Nov 25 2011 12:23:40;20.09;19.50;;16.92;17.69;
Nov 25 2011 12:24:48;20.09;19.50;;16.97;17.72;
Nov 25 2011 12:25:56;20.07;19.50;;17.04;17.75;
Nov 25 2011 12:27:06;20.06;19.50;;17.12;17.77;
Nov 25 2011 12:28:15;20.06;19.50;;17.12;17.77;
Nov 25 2011 12:29:25;20.07;19.50;;17.20;17.80;
Nov 25 2011 12:30:34;20.04;19.50;;17.27;17.82;
Nov 25 2011 12:31:42;20.04;19.50;;17.31;17.83;
Nov 25 2011 12:32:54;20.04;19.50;;17.38;17.85;
Nov 25 2011 12:34:06;20.02;19.50;;17.44;17.87;
Nov 25 2011 12:35:15;20.02;19.50;;17.48;17.86;
Nov 25 2011 12:36:26;20.01;19.50;;17.55;17.88;
Nov 25 2011 12:37:35;20.00;19.50;;17.59;17.89;
Nov 25 2011 12:38:43;20.01;19.50;;17.64;17.90;
Nov 25 2011 12:39:51;19.99;19.50;;17.71;17.92;
Nov 25 2011 12:41:04;19.98;19.50;;17.74;17.94;
Nov 25 2011 12:42:13;19.97;19.50;;17.85;17.96;
Nov 25 2011 12:43:23;19.97;19.50;;17.89;17.98;
Nov 25 2011 12:44:32;19.97;19.50;;17.94;18.00;
Nov 25 2011 12:45:43;19.96;19.50;;18.00;18.02;
Nov 25 2011 12:46:56;19.96;19.50;;18.04;18.04;
Nov 25 2011 12:48:13;19.93;19.50;;18.09;18.06;
Nov 25 2011 12:49:22;19.94;19.50;;18.14;18.05;
Nov 25 2011 12:50:40;19.94;19.50;;18.20;18.06;
Nov 25 2011 12:51:50;19.93;19.50;;18.26;18.07;
Nov 25 2011 12:53:04;19.93;19.50;;18.29;18.08;
Nov 25 2011 12:54:16;19.92;19.50;;18.34;18.08;
Nov 25 2011 12:55:24;19.92;19.50;;18.37;18.07;
Nov 25 2011 12:56:37;19.92;19.50;;18.42;18.07;
Nov 25 2011 12:57:50;19.92;19.50;;18.45;18.07;
Nov 25 2011 12:59:03;19.92;19.50;;18.48;18.06;
Nov 25 2011 13:00:30;19.90;19.50;;18.51;18.07;
Nov 25 2011 13:01:40;19.90;19.50;;18.56;18.08;
Nov 25 2011 13:02:51;19.90;19.50;;18.58;18.10;
Nov 25 2011 13:03:59;19.89;19.50;;18.53;18.11;
Nov 25 2011 13:05:14;19.88;19.50;;18.41;18.13;
Nov 25 2011 13:06:24;19.88;19.50;;18.18;18.13;
Nov 25 2011 13:07:33;19.88;19.50;;17.98;18.12;
Nov 25 2011 13:08:42;19.87;19.50;;17.83;18.06;
Nov 25 2011 13:09:51;19.86;19.50;;17.68;18.01;
Nov 25 2011 13:11:05;19.87;19.50;;17.57;17.95;
Nov 25 2011 13:12:15;19.86;19.50;;17.51;17.90;
Nov 25 2011 13:13:24;19.85;19.50;;17.47;17.84;
Nov 25 2011 13:14:34;19.84;19.50;;17.41;17.80;
Nov 25 2011 13:15:43;19.83;19.50;;17.41;17.78;
Nov 25 2011 13:16:54;19.82;19.50;;17.39;17.76;
Nov 25 2011 13:18:09;19.79;19.50;;17.41;17.75;
Nov 25 2011 13:19:17;19.81;19.50;;17.39;17.74;
Nov 25 2011 13:20:35;19.81;19.50;;17.42;17.75;
Nov 25 2011 13:21:43;19.80;19.50;;17.45;17.75;
Nov 25 2011 13:22:36;19.79;19.50;;17.46;17.75;"Negative peak detected: 17.4 instead of 18.1 New estimator = 0.77 "
Nov 25 2011 13:23:45;19.78;19.50;;17.50;17.76;
Nov 25 2011 13:24:56;19.77;19.50;;17.55;17.76;
Nov 25 2011 13:26:11;19.77;19.50;;17.57;17.76;
Nov 25 2011 13:27:21;19.76;19.50;;17.63;17.77;
Nov 25 2011 13:28:31;19.75;19.50;;17.65;18.29;
Nov 25 2011 13:29:39;19.75;19.50;;17.70;18.55;
Nov 25 2011 13:30:52;19.74;19.50;;17.76;18.70;
Nov 25 2011 13:32:06;19.73;19.50;;17.80;18.78;
Nov 25 2011 13:33:17;19.73;19.50;;17.86;18.84;
Nov 25 2011 13:34:26;19.73;19.50;;17.91;18.88;
Nov 25 2011 13:35:35;19.72;19.50;;17.92;18.93;
Nov 25 2011 13:36:47;19.70;19.50;;17.99;18.97;
Nov 25 2011 13:37:57;19.70;19.50;;18.02;19.00;
Nov 25 2011 13:39:09;19.71;19.50;;18.04;19.03;
Nov 25 2011 13:40:36;19.70;19.50;;18.10;19.05;
Nov 25 2011 13:41:47;19.69;19.50;;18.16;19.10;
Nov 25 2011 13:42:57;19.70;19.50;;18.16;19.13;
Nov 25 2011 13:44:12;19.68;19.50;;18.21;19.16;
Nov 25 2011 13:45:23;19.69;19.50;;18.29;19.18;
Nov 25 2011 13:46:34;19.68;19.50;;18.31;19.20;
Nov 25 2011 13:47:43;19.68;19.50;;18.35;19.21;
Nov 25 2011 13:48:52;19.67;19.50;;18.40;19.22;
Nov 25 2011 13:50:14;19.66;19.50;;18.45;19.22;
Nov 25 2011 13:51:27;19.66;19.50;;18.50;19.23;
Nov 25 2011 13:52:37;19.67;19.50;;18.52;19.23;
Nov 25 2011 13:53:47;19.65;19.50;;18.55;19.18;
Nov 25 2011 13:54:59;19.65;19.50;;18.58;19.14;
Nov 25 2011 13:56:13;19.66;19.50;;18.62;19.11;
Nov 25 2011 13:57:23;19.65;19.50;;18.68;19.08;
Nov 25 2011 13:58:33;19.65;19.50;;18.72;19.06;
Nov 25 2011 13:59:42;19.64;19.50;;18.74;19.02;
Nov 25 2011 14:00:51;19.63;19.50;;18.76;18.99;
Nov 25 2011 14:02:06;19.64;19.50;;18.83;18.97;
Nov 25 2011 14:03:16;19.63;19.50;;18.83;18.95;
Nov 25 2011 14:04:27;19.62;19.50;;18.88;18.93;
Nov 25 2011 14:05:38;19.65;19.50;;18.90;18.90;
Nov 25 2011 14:06:48;19.64;19.50;;18.93;18.89;
Nov 25 2011 14:07:59;19.63;19.50;;18.98;18.88;
Nov 25 2011 14:09:11;19.62;19.50;;18.98;18.86;
Nov 25 2011 14:10:31;19.61;19.50;;19.02;18.84;
Nov 25 2011 14:11:43;19.63;19.50;;19.04;18.80;
Nov 25 2011 14:12:53;19.62;19.50;;19.08;18.78;
Nov 25 2011 14:14:08;19.62;19.50;;19.09;18.75;
Nov 25 2011 14:15:19;19.61;19.50;;19.13;18.72;
Nov 25 2011 14:16:30;19.60;19.50;;19.12;18.69;
Nov 25 2011 14:17:39;19.61;19.50;;19.17;18.66;
Nov 25 2011 14:18:50;19.61;19.50;;19.19;18.65;
Nov 25 2011 14:20:06;19.62;19.50;;19.20;18.63;
Nov 25 2011 14:21:18;19.61;19.50;;19.07;18.61;
Nov 25 2011 14:22:29;19.61;19.50;;18.89;18.59;
Nov 25 2011 14:23:38;19.60;19.50;;18.69;18.55;
Nov 25 2011 14:24:48;19.60;19.50;;18.47;18.52;
Nov 25 2011 14:25:58;19.61;19.50;;18.34;18.50;
Nov 25 2011 14:27:10;19.59;19.50;;18.18;18.48;
Nov 25 2011 14:28:20;19.60;19.50;;18.06;18.46;
Nov 25 2011 14:29:30;19.59;19.50;;17.98;18.45;
Nov 25 2011 14:30:43;19.59;19.50;;17.93;18.44;
Nov 25 2011 14:31:54;19.57;19.50;;17.89;18.44;
Nov 25 2011 14:33:08;19.56;19.50;;17.86;18.45;
Nov 25 2011 14:34:19;19.56;19.50;;17.84;18.46;
Nov 25 2011 14:35:29;19.56;19.50;;17.83;18.48;
Nov 25 2011 14:36:41;19.54;19.50;;17.81;18.51;
Nov 25 2011 14:37:52;19.55;19.50;;17.81;18.55;
Nov 25 2011 14:39:04;19.54;19.50;;17.84;18.58;
Nov 25 2011 14:40:23;19.53;19.50;;17.85;18.61;
Nov 25 2011 14:40:53;19.53;19.50;;17.85;18.63;"Negative peak detected: 17.8 instead of 18.6 New estimator = 1.06 "
Nov 25 2011 14:42:05;19.52;19.50;;17.89;18.66;
Nov 25 2011 14:43:15;19.52;19.50;;17.93;18.70;
Nov 25 2011 14:44:25;19.52;19.50;;17.93;18.73;
Nov 25 2011 14:45:36;19.51;19.50;;17.98;18.77;
Nov 25 2011 14:46:46;19.51;19.50;;18.00;18.80;
Nov 25 2011 14:47:56;19.49;19.50;;18.07;18.86;
Nov 25 2011 14:49:06;19.50;19.50;;18.09;18.90;
Nov 25 2011 14:50:20;19.51;19.50;;18.11;18.94;
Nov 25 2011 14:51:30;19.49;19.50;;18.14;18.99;
Nov 25 2011 14:52:41;19.48;19.50;;18.18;19.03;
Nov 25 2011 14:53:51;19.49;19.50;;18.24;19.07;
Nov 25 2011 14:55:02;19.48;19.50;;18.28;19.10;
Nov 25 2011 14:56:12;19.48;19.50;;18.28;19.13;
Nov 25 2011 14:57:22;19.48;19.50;;18.33;19.16;
Nov 25 2011 14:58:32;19.47;19.50;;18.36;19.18;
Nov 25 2011 14:59:42;19.46;19.50;;18.39;19.20;
Nov 25 2011 15:00:54;19.46;19.50;;18.43;19.22;
Nov 25 2011 15:02:08;19.46;19.50;;18.44;19.23;
Nov 25 2011 15:03:18;19.45;19.50;;18.49;19.25;
Nov 25 2011 15:04:28;19.45;19.50;;18.52;19.27;
Nov 25 2011 15:05:38;19.46;19.50;;18.55;19.29;
Nov 25 2011 15:06:48;19.45;19.50;;18.59;19.31;
Nov 25 2011 15:07:58;19.46;19.50;;18.59;19.32;
Nov 25 2011 15:09:09;19.44;19.50;;18.66;19.33;
Nov 25 2011 15:10:21;19.44;19.50;;18.68;19.33;
Nov 25 2011 15:11:31;19.44;19.50;;18.69;19.33;
Nov 25 2011 15:12:41;19.44;19.50;;18.74;19.32;
Nov 25 2011 15:13:52;19.43;19.50;;18.78;19.31;
Nov 25 2011 15:15:02;19.43;19.50;;18.80;19.30;
Nov 25 2011 15:16:13;19.42;19.50;;18.81;19.30;
Nov 25 2011 15:17:23;19.42;19.50;;18.86;19.29;
Nov 25 2011 15:18:33;19.42;19.50;;18.87;19.28;
Nov 25 2011 15:19:43;19.43;19.50;;18.92;19.27;
Nov 25 2011 15:20:56;19.43;19.50;;18.92;19.27;
Nov 25 2011 15:22:08;19.42;19.50;;18.93;19.26;
Nov 25 2011 15:23:18;19.41;19.50;;18.98;19.27;
Nov 25 2011 15:24:28;19.42;19.50;;19.01;19.29;
Nov 25 2011 15:25:38;19.41;19.50;;19.02;19.31;
Nov 25 2011 15:26:48;19.42;19.50;;19.03;19.32;
Nov 25 2011 15:27:58;19.42;19.50;;19.07;19.33;
Nov 25 2011 15:29:09;19.42;19.50;;19.07;19.34;
Nov 25 2011 15:30:20;19.41;19.50;;19.08;19.34;
Nov 25 2011 15:31:31;19.40;19.50;;19.11;19.34;
Nov 25 2011 15:32:41;19.41;19.50;;19.14;19.34;
Nov 25 2011 15:33:51;19.41;19.50;;19.16;19.34;
Nov 25 2011 15:35:03;19.42;19.50;;19.19;19.33;
Nov 25 2011 15:36:13;19.40;19.50;;19.21;19.31;
Nov 25 2011 15:37:23;19.40;19.50;;19.23;19.31;
Nov 25 2011 15:38:33;19.41;19.50;;19.21;19.32;
Nov 25 2011 15:39:43;19.40;19.50;;19.26;19.34;
Nov 25 2011 15:40:56;19.40;19.50;;19.27;19.36;
Nov 25 2011 15:42:08;19.40;19.50;;19.25;19.37;
Nov 25 2011 15:43:18;19.40;19.50;;19.28;19.38;
Nov 25 2011 15:44:28;19.41;19.50;;19.31;19.38;
Nov 25 2011 15:45:40;19.39;19.50;;19.33;19.39;
Nov 25 2011 15:46:50;19.41;19.50;;19.34;19.39;
Nov 25 2011 15:48:01;19.40;19.50;;19.34;19.40;
Nov 25 2011 15:49:11;19.40;19.50;;19.37;19.41;
Nov 25 2011 15:50:23;19.39;19.50;;19.38;19.42;
Nov 25 2011 15:51:33;19.41;19.50;;19.40;19.42;
Nov 25 2011 15:52:44;19.39;19.50;;19.40;19.42;
Nov 25 2011 15:53:55;19.40;19.50;;19.43;19.41;
Nov 25 2011 15:55:06;19.41;19.50;;19.42;19.41;
Nov 25 2011 15:56:16;19.39;19.50;;19.45;19.41;
Nov 25 2011 15:57:27;19.41;19.50;;19.46;19.42;
Nov 25 2011 15:58:37;19.40;19.50;;19.48;19.42;
Nov 25 2011 15:59:47;19.39;19.50;;19.46;19.43;
Nov 25 2011 16:00:59;19.39;19.50;;19.49;19.44;
Nov 25 2011 16:02:09;19.40;19.50;;19.51;19.45;
Nov 25 2011 16:03:19;19.41;19.50;;19.53;19.46;
Nov 25 2011 16:04:30;19.38;19.50;;19.49;19.47;
Nov 25 2011 16:05:40;19.40;19.50;;19.51;19.48;
Nov 25 2011 16:06:51;19.39;19.50;;19.53;19.49;
Nov 25 2011 16:08:03;19.38;19.50;;19.54;19.49;
Nov 25 2011 16:09:13;19.39;19.50;;19.57;19.50;
Nov 25 2011 16:10:26;19.39;19.50;;19.57;19.50;
Nov 25 2011 16:11:37;19.39;19.50;;19.59;19.51;
Nov 25 2011 16:12:47;19.39;19.50;;19.57;19.53;
Nov 25 2011 16:13:58;19.39;19.50;;19.62;19.55;
Nov 25 2011 16:15:08;19.40;19.50;;19.60;19.56;
Nov 25 2011 16:16:19;19.39;19.50;;19.62;19.58;
Nov 25 2011 16:17:29;19.39;19.50;;19.61;19.59;
Nov 25 2011 16:18:40;19.40;19.50;;19.65;19.60;
Nov 25 2011 16:19:51;19.38;19.50;;19.64;19.62;
Nov 25 2011 16:21:06;19.39;19.50;;19.64;19.64;
Nov 25 2011 16:22:22;19.39;19.50;;19.67;19.65;
Nov 25 2011 16:23:32;19.40;19.50;;19.65;19.66;
Nov 25 2011 16:24:44;19.39;19.50;;19.68;19.67;
Nov 25 2011 16:25:53;19.38;19.50;;19.69;19.67;
Nov 25 2011 16:27:06;19.40;19.50;;19.69;19.68;
Nov 25 2011 16:28:19;19.40;19.50;;19.68;19.69;
Nov 25 2011 16:29:30;19.41;19.50;;19.69;19.71;
Nov 25 2011 16:30:42;19.39;19.50;;19.70;19.73;
Nov 25 2011 16:31:53;19.40;19.50;;19.71;19.75;
Nov 25 2011 16:33:07;19.39;19.50;;19.72;19.76;
Nov 25 2011 16:34:21;19.39;19.50;;19.71;19.78;
Nov 25 2011 16:35:31;19.40;19.50;;19.73;19.80;
Nov 25 2011 16:36:44;19.38;19.50;;19.74;19.82;
Nov 25 2011 16:37:55;19.38;19.50;;19.76;19.84;
Nov 25 2011 16:39:10;19.38;19.50;;19.77;19.86;
Nov 25 2011 16:40:34;19.39;19.50;;19.74;19.89;
Nov 25 2011 16:41:47;19.39;19.50;;19.75;19.91;
Nov 25 2011 16:42:58;19.40;19.50;;19.78;19.93;
Nov 25 2011 16:44:14;19.38;19.50;;19.75;19.94;
Nov 25 2011 16:45:27;19.40;19.50;;19.77;19.94;
Nov 25 2011 16:46:39;19.38;19.50;;19.77;19.93;
Nov 25 2011 16:47:50;19.39;19.50;;19.77;19.93;
Nov 25 2011 16:49:03;19.39;19.50;;19.79;19.94;
Nov 25 2011 16:50:33;19.39;19.50;;19.78;19.95;
Nov 25 2011 16:51:44;19.39;19.50;;19.79;19.96;
Nov 25 2011 16:52:57;19.38;19.50;;19.79;19.97;
Nov 25 2011 16:54:15;19.39;19.50;;19.81;19.98;
Nov 25 2011 16:55:28;19.40;19.50;;19.80;19.99;
Nov 25 2011 16:56:41;19.39;19.50;;19.84;19.99;
Nov 25 2011 16:57:52;19.39;19.50;;19.81;19.99;
Nov 25 2011 16:59:07;19.39;19.50;;19.84;20.00;
Nov 25 2011 17:00:33;19.38;19.50;;19.83;20.01;
Nov 25 2011 17:01:46;19.40;19.50;;19.84;20.02;
Nov 25 2011 17:02:59;19.39;19.50;;19.84;20.04;
Nov 25 2011 17:04:14;19.40;19.50;;19.84;20.05;
Nov 25 2011 17:05:25;19.40;19.50;;19.86;20.05;
Nov 25 2011 17:06:38;19.39;19.50;;19.83;20.04;
Nov 25 2011 17:07:48;19.38;19.50;;19.85;20.04;
Nov 25 2011 17:08:59;19.40;19.50;;19.85;20.05;
Nov 25 2011 17:10:28;19.40;19.50;;19.85;20.06;
Nov 25 2011 17:11:44;19.39;19.50;;19.84;20.08;
Nov 25 2011 17:12:55;19.39;19.50;;19.84;20.10;
Nov 25 2011 17:14:11;19.39;19.50;;19.87;20.13;
Nov 25 2011 17:15:23;19.39;19.50;;19.85;20.16;
Nov 25 2011 17:16:36;19.41;19.50;;19.87;20.19;
Nov 25 2011 17:17:45;19.40;19.50;;19.90;20.20;
Nov 25 2011 17:18:57;19.39;19.50;;19.88;20.20;
Nov 25 2011 17:20:22;19.40;19.50;;19.88;20.20;
Nov 25 2011 17:21:33;19.39;19.50;;19.90;20.20;
Nov 25 2011 17:22:44;19.39;19.50;;19.90;20.21;
Nov 25 2011 17:23:55;19.38;19.50;;19.86;20.22;
Nov 25 2011 17:25:06;19.39;19.50;;19.89;20.23;
Nov 25 2011 17:26:17;19.41;19.50;;19.90;20.25;
Nov 25 2011 17:27:28;19.40;19.50;;19.91;20.27;
Nov 25 2011 17:28:39;19.40;19.50;;19.89;20.29;
Nov 25 2011 17:29:50;19.40;19.50;;19.91;20.30;
Nov 25 2011 17:31:04;19.39;19.50;;19.91;20.31;
Nov 25 2011 17:32:15;19.39;19.50;;19.90;20.32;
Nov 25 2011 17:33:26;19.41;19.50;;19.91;20.33;
Nov 25 2011 17:34:37;19.40;19.50;;19.93;20.35;
Nov 25 2011 17:35:48;19.39;19.50;;19.91;20.37;
Nov 25 2011 17:36:58;19.40;19.50;;19.89;20.39;
Nov 25 2011 17:38:10;19.41;19.50;;19.95;20.40;
Nov 25 2011 17:39:21;19.40;19.50;;20.09;20.42;
Nov 25 2011 17:40:34;19.41;19.50;;20.18;20.42;
Nov 25 2011 17:41:45;19.40;19.50;;20.27;20.41;
Nov 25 2011 17:42:56;19.41;19.50;;20.32;20.40;
Nov 25 2011 17:44:09;19.40;19.50;;20.37;20.39;
Nov 25 2011 17:45:20;19.39;19.50;;20.30;20.39;
Nov 25 2011 17:46:31;19.40;19.50;;20.26;20.38;
Nov 25 2011 17:47:42;19.40;19.50;;20.26;20.38;
Nov 25 2011 17:48:54;19.40;19.50;;20.24;20.39;
Nov 25 2011 17:50:16;19.40;19.50;;20.24;20.41;
Nov 25 2011 17:51:27;19.40;19.50;;20.25;20.43;
Nov 25 2011 17:51:44;19.40;19.50;;20.22;20.43;"Positive peak detected: 20.3 instead of 20.4 New estimator = 0.03 "
Nov 25 2011 17:52:57;19.41;19.50;;20.25;20.46;
Nov 25 2011 17:54:09;19.41;19.50;;20.21;20.47;
Nov 25 2011 17:55:20;19.41;19.50;;20.25;20.49;
Nov 25 2011 17:56:31;19.40;19.50;;20.23;20.50;
Nov 25 2011 17:57:42;19.40;19.50;;20.23;20.51;
Nov 25 2011 17:58:54;19.39;19.50;;20.23;20.52;
Nov 25 2011 18:00:18;19.40;19.50;;20.22;20.54;
Nov 25 2011 18:01:30;19.40;19.50;;20.24;20.56;
Nov 25 2011 18:02:41;19.40;19.50;;20.24;20.57;
Nov 25 2011 18:03:52;19.41;19.50;;20.22;20.58;
Nov 25 2011 18:05:04;19.42;19.50;;20.22;20.59;
Nov 25 2011 18:06:15;19.40;19.50;;20.20;20.60;
Nov 25 2011 18:07:26;19.41;19.50;;20.20;20.59;
Nov 25 2011 18:08:37;19.42;19.50;;20.20;20.59;
Nov 25 2011 18:09:49;19.41;19.50;;20.21;20.59;
Nov 25 2011 18:11:02;19.41;19.50;;20.21;20.59;
Nov 25 2011 18:12:13;19.42;19.50;;20.20;20.60;
Nov 25 2011 18:13:25;19.41;19.50;;20.17;20.61;
Nov 25 2011 18:14:36;19.40;19.50;;20.17;20.62;
Nov 25 2011 18:15:47;19.41;19.50;;20.17;20.63;
Nov 25 2011 18:16:59;19.40;19.50;;20.18;20.65;
Nov 25 2011 18:18:18;19.42;19.50;;20.21;20.65;
Nov 25 2011 18:19:29;19.42;19.50;;20.32;20.65;
Nov 25 2011 18:20:42;19.43;19.50;;20.40;20.65;
Nov 25 2011 18:21:54;19.43;19.50;;20.48;20.65;
Nov 25 2011 18:23:10;19.41;19.50;;20.53;20.64;
Nov 25 2011 18:24:24;19.43;19.50;;20.57;20.64;
Nov 25 2011 18:25:35;19.43;19.50;;20.60;20.65;
Nov 25 2011 18:26:46;19.42;19.50;;20.54;20.65;
Nov 25 2011 18:27:57;19.42;19.50;;20.48;20.66;
Nov 25 2011 18:29:12;19.43;19.50;;20.47;20.66;
Nov 25 2011 18:30:35;19.42;19.50;;20.48;20.67;
Nov 25 2011 18:31:46;19.43;19.50;;20.44;20.67;
Nov 25 2011 18:31:59;19.43;19.50;;20.46;20.67;"Positive peak detected: 20.6 instead of 20.6 New estimator = 0.03 "
Nov 25 2011 18:33:14;19.41;19.50;;20.46;20.67;
Nov 25 2011 18:34:28;19.42;19.50;;20.43;20.68;
Nov 25 2011 18:35:39;19.41;19.50;;20.43;20.68;
Nov 25 2011 18:36:55;19.44;19.50;;20.41;20.70;
Nov 25 2011 18:38:15;19.42;19.50;;20.43;20.70;
Nov 25 2011 18:39:25;19.43;19.50;;20.40;20.70;
Nov 25 2011 18:40:39;19.42;19.50;;20.40;20.70;
Nov 25 2011 18:41:54;19.42;19.50;;20.41;20.70;
Nov 25 2011 18:43:06;19.42;19.50;;20.41;20.70;
Nov 25 2011 18:44:19;19.43;19.50;;20.40;20.71;
Nov 25 2011 18:45:31;19.42;19.50;;20.39;20.72;
Nov 25 2011 18:46:46;19.43;19.50;;20.38;20.73;
Nov 25 2011 18:47:57;19.43;19.50;;20.37;20.74;
Nov 25 2011 18:49:12;19.43;19.50;;20.36;20.75;
Nov 25 2011 18:50:28;19.43;19.50;;20.35;20.77;
Nov 25 2011 18:51:40;19.42;19.50;;20.35;20.78;
Nov 25 2011 18:52:52;19.43;19.50;;20.36;20.79;
Nov 25 2011 18:54:05;19.44;19.50;;20.35;20.79;
Nov 25 2011 18:55:16;19.43;19.50;;20.32;20.79;
Nov 25 2011 18:56:28;19.44;19.50;;20.34;20.79;
Nov 25 2011 18:57:40;19.45;19.50;;20.46;20.78;
Nov 25 2011 18:58:55;19.45;19.50;;20.52;20.76;
Nov 25 2011 19:00:32;19.44;19.50;;20.63;20.75;
Nov 25 2011 19:01:46;19.44;19.50;;20.68;20.72;
Nov 25 2011 19:03:03;19.44;19.50;;20.65;20.71;
Nov 25 2011 19:04:19;19.44;19.50;;20.61;20.69;
Nov 25 2011 19:05:33;19.45;19.50;;20.58;20.69;
Nov 25 2011 19:06:46;19.45;19.50;;20.56;20.68;
Nov 25 2011 19:07:57;19.45;19.50;;20.54;20.68;
Nov 25 2011 19:09:11;19.43;19.50;;20.51;20.69;
Nov 25 2011 19:09:22;19.46;19.50;;20.52;20.70;"Positive peak detected: 20.6 instead of 20.7 New estimator = 0.03 "
Nov 25 2011 19:10:37;19.45;19.50;;20.52;20.70;
Nov 25 2011 19:11:51;19.46;19.50;;20.52;20.70;
Nov 25 2011 19:13:05;19.45;19.50;;20.48;20.69;
Nov 25 2011 19:14:18;19.44;19.50;;20.52;20.66;
Nov 25 2011 19:15:29;19.45;19.50;;20.50;20.65;
Nov 25 2011 19:16:43;19.45;19.50;;20.49;20.64;
Nov 25 2011 19:17:55;19.44;19.50;;20.49;20.63;
Nov 25 2011 19:19:08;19.44;19.50;;20.49;20.63;
Nov 25 2011 19:20:35;19.46;19.50;;20.48;20.63;
Nov 25 2011 19:21:47;19.46;19.50;;20.47;20.63;
Nov 25 2011 19:23:01;19.45;19.50;;20.47;20.63;
Nov 25 2011 19:24:16;19.46;19.50;;20.44;20.63;
Nov 25 2011 19:25:27;19.46;19.50;;20.45;20.62;
Nov 25 2011 19:26:40;19.45;19.50;;20.44;20.62;
Nov 25 2011 19:27:51;19.46;19.50;;20.45;20.61;
Nov 25 2011 19:29:05;19.46;19.50;;20.40;20.60;
Nov 25 2011 19:30:36;19.47;19.50;;20.43;20.60;
Nov 25 2011 19:31:47;19.47;19.50;;20.41;20.61;
Nov 25 2011 19:33:01;19.46;19.50;;20.40;20.61;
Nov 25 2011 19:34:18;19.46;19.50;;20.40;20.60;
Nov 25 2011 19:35:31;19.47;19.50;;20.40;20.60;
Nov 25 2011 19:36:44;19.47;19.50;;20.37;20.59;
Nov 25 2011 19:37:55;19.47;19.50;;20.38;20.59;
Nov 25 2011 19:39:10;19.47;19.50;;20.38;20.58;
Nov 25 2011 19:40:35;19.46;19.50;;20.37;20.58;
Nov 25 2011 19:41:45;19.47;19.50;;20.34;20.58;
Nov 25 2011 19:43:01;19.47;19.50;;20.33;20.57;
Nov 25 2011 19:44:17;19.48;19.50;;20.34;20.57;
Nov 25 2011 19:45:28;19.46;19.50;;20.30;20.57;
Nov 25 2011 19:46:42;19.47;19.50;;20.34;20.56;
Nov 25 2011 19:47:57;19.48;19.50;;20.28;20.55;
Nov 25 2011 19:49:13;19.49;19.50;;20.31;20.54;
Nov 25 2011 19:50:36;19.46;19.50;;20.30;20.52;
Nov 25 2011 19:51:49;19.46;19.50;;20.28;20.50;
Nov 25 2011 19:53:07;19.48;19.50;;20.28;20.49;
Nov 25 2011 19:54:21;19.48;19.50;;20.26;20.49;
Nov 25 2011 19:55:34;19.47;19.50;;20.26;20.49;
Nov 25 2011 19:56:47;19.48;19.50;;20.26;20.49;
Nov 25 2011 19:58:00;19.49;19.50;;20.27;20.48;
Nov 25 2011 19:59:15;19.49;19.50;;20.23;20.48;
Nov 25 2011 20:00:35;19.48;19.50;;20.24;20.49;
Nov 25 2011 20:01:46;19.49;19.50;;20.24;20.50;
Nov 25 2011 20:03:02;19.49;19.50;;20.24;20.50;
Nov 25 2011 20:04:16;19.49;19.50;;20.23;20.51;
Nov 25 2011 20:05:27;19.47;19.50;;20.22;20.51;
Nov 25 2011 20:06:39;19.50;19.50;;20.20;20.51;
Nov 25 2011 20:07:51;19.48;19.50;;20.21;20.50;
Nov 25 2011 20:09:07;19.48;19.50;;20.23;20.49;
Nov 25 2011 20:10:39;19.49;19.50;;20.20;20.48;
Nov 25 2011 20:11:53;19.48;19.50;;20.19;20.46;
